/*
Description:  populate the Student Circuit project tables
Author: Winsum Chang
Version: 1.0
Date: Apr 24, 2019
*/

/*populate student table*/

insert into Student (StudentID, Fname, Lname, ChurchName, gender, grade) values (1001, 'Samuel', 'Disney', 'Christ Church', 'M', 6);
insert into Student (StudentID, Fname, Lname, ChurchName, gender, grade) values (1002, 'Sarah May', 'Tiffany', 'Christ Church', 'F', 7);
insert into Student (StudentID, Fname, Lname, ChurchName, gender, grade) values (1003, 'Jessica', 'Sutton', 'Christ Church', 'F', 8);
insert into Student (StudentID, Fname, Lname, ChurchName, gender, grade) values (1004, 'Jayden', 'Khai', 'Christ Church', 'M', 9);
insert into Student (StudentID, Fname, Lname, ChurchName, gender, grade) values (1005, 'Jocelyn', 'Azagba', 'Christ Church', 'F', 10);
insert into Student (StudentID, Fname, Lname, ChurchName, gender, grade) values (1006, 'Heidi', 'Norsworthy', 'Christ Church', 'F', 11);
insert into Student (StudentID, Fname, Lname, ChurchName, gender, grade) values (1007, 'Kai', 'Santos Leon', 'Christ Church', 'M', 12);
insert into Student (StudentID, Fname, Lname, ChurchName, gender, grade) values (1008, 'Lindsay', 'Alexander', 'Christ Church', 'F', 6);
insert into Student (StudentID, Fname, Lname, ChurchName, gender, grade) values (1009, 'Aidan', 'Koebler', 'Christ Church', 'M', 7);
insert into Student (StudentID, Fname, Lname, ChurchName, gender, grade) values (1010, 'Josh', 'Kim', 'Christ Church', 'M', 8);
insert into Student (StudentID, Fname, Lname, ChurchName, gender, grade) values (1011, 'Ella', 'Nuam', 'Christ Church', 'F', 9);
insert into Student (StudentID, Fname, Lname, ChurchName, gender, grade) values (1012, 'Mia', 'Holems', 'Christ Church', 'F', 10);
insert into Student (StudentID, Fname, Lname, ChurchName, gender, grade) values (1013, 'Noah', 'Kimmel', 'Christ Church', 'M', 11);
insert into Student (StudentID, Fname, Lname, ChurchName, gender, grade) values (1014, 'Cris', 'Caffitte', 'Christ Church', 'M', 12);
insert into Student (StudentID, Fname, Lname, ChurchName, gender, grade) values (1015, 'Sophie', 'Martinez', 'Christ Church', 'F', 6);
insert into Student (StudentID, Fname, Lname, ChurchName, gender, grade) values (1016, 'Kari', 'Ndang', 'Christ Church', 'F', 7);
insert into Student (StudentID, Fname, Lname, ChurchName, gender, grade) values (1017, 'Cambell', 'Cajayon', 'Christ Church', 'M', 8);
insert into Student (StudentID, Fname, Lname, ChurchName, gender, grade) values (1018, 'Ryleigh', 'Ayres', 'Christ Church', 'F', 9);
insert into Student (StudentID, Fname, Lname, ChurchName, gender, grade) values (1019, 'Brooke', 'Miller', 'Christ Church', 'F', 10);
insert into Student (StudentID, Fname, Lname, ChurchName, gender, grade) values (1020, 'Johnathan', 'Schilpp', 'Christ Church', 'M', 11);
insert into Student (StudentID, Fname, Lname, ChurchName, gender, grade) values (1021, 'Chris', 'Bechtold', 'Christ Church', 'M', 12);
insert into Student (StudentID, Fname, Lname, ChurchName, gender, grade) values (1022, 'Wen', 'Radcliffe', 'Christ Church', 'F', 6);
insert into Student (StudentID, Fname, Lname, ChurchName, gender, grade) values (1023, 'Lucas', 'Merrit', 'Christ Church', 'M', 7);
insert into Student (StudentID, Fname, Lname, ChurchName, gender, grade) values (1024, 'Dimitri', 'Gray', 'Christ Church', 'M', 11);
insert into Student (StudentID, Fname, Lname, ChurchName, gender, grade) values (1025, 'Sammie', 'Black', 'Christ Church', 'M', 8);
insert into Student (StudentID, Fname, Lname, ChurchName, gender, grade) values (1026, 'Audrey', 'Carroll', 'Christ Church', 'F', 9);
insert into Student (StudentID, Fname, Lname, ChurchName, gender, grade) values (1027, 'Andy', 'White', 'Christ Church', 'M', 10);
insert into Student (StudentID, Fname, Lname, ChurchName, gender, grade) values (1028, 'Sammi', 'Khai', 'Christ Church', 'F', 11);
insert into Student (StudentID, Fname, Lname, ChurchName, gender, grade) values (1029, 'Shanti', 'Mederos', 'Christ Church', 'F', 12);
insert into Student (StudentID, Fname, Lname, ChurchName, gender, grade) values (1030, 'Caroline', 'Stanley', 'Christ Church', 'F', 6);
insert into Student (StudentID, Fname, Lname, ChurchName, gender, grade) values (1031, 'Hannah', 'Miarer', 'Christ Church', 'F', 7);
insert into Student (StudentID, Fname, Lname, ChurchName, gender, grade) values (1032, 'Kelly', 'Lin', 'Christ Church', 'F', 8);
insert into Student (StudentID, Fname, Lname, ChurchName, gender, grade) values (1033, 'Will', 'Johnson', 'Christ Church', 'M', 9);
insert into Student (StudentID, Fname, Lname, ChurchName, gender, grade) values (1034, 'Evan', 'Sinclair', 'Christ Church', 'M', 10);
insert into Student (StudentID, Fname, Lname, ChurchName, gender, grade) values (1035, 'Nicole', 'Franklin', 'Christ Church', 'F', 11);
insert into Student (StudentID, Fname, Lname, ChurchName, gender, grade) values (1036, 'Jordan', 'Chaitovitz', 'Christ Church', 'F', 12);
insert into Student (StudentID, Fname, Lname, ChurchName, gender, grade) values (1037, 'Moriah', 'Oyejeuni', 'Christ Church', 'F', 6);
insert into Student (StudentID, Fname, Lname, ChurchName, gender, grade) values (1038, 'Leanna', 'Brigham', 'Christ Church', 'F', 7);
insert into Student (StudentID, Fname, Lname, ChurchName, gender, grade) values (1039, 'Johnathan', 'Trice', 'Christ Church', 'M', 8);
insert into Student (StudentID, Fname, Lname, ChurchName, gender, grade) values (1040, 'Gabby', 'Nitsch', 'Christ Church', 'F', 9);
insert into Student (StudentID, Fname, Lname, ChurchName, gender, grade) values (1041, 'Nathan', 'Cox', 'Christ Church', 'M', 10);
insert into Student (StudentID, Fname, Lname, ChurchName, gender, grade) values (1042, 'Kelton', 'Dixon', 'Christ Church', 'M', 11);
insert into Student (StudentID, Fname, Lname, ChurchName, gender, grade) values (1043, 'Seth', 'Huber', 'Christ Church', 'M', 12);
insert into Student (StudentID, Fname, Lname, ChurchName, gender, grade) values (1044, 'Allie', 'Klara', 'Christ Church', 'F', 6);
insert into Student (StudentID, Fname, Lname, ChurchName, gender, grade) values (1045, 'Aidan', 'Hartsell', 'Christ Church', 'M', 7);
insert into Student (StudentID, Fname, Lname, ChurchName, gender, grade) values (1046, 'Silas', 'Garland', 'Christ Church', 'M', 8);
insert into Student (StudentID, Fname, Lname, ChurchName, gender, grade) values (1047, 'Isabel', 'Locklear', 'Christ Church', 'F', 9);
insert into Student (StudentID, Fname, Lname, ChurchName, gender, grade) values (1048, 'Jackson', 'Alexander', 'Christ Church', 'M', 10);
insert into Student (StudentID, Fname, Lname, ChurchName, gender, grade) values (1049, 'Anna', 'James', 'Christ Church', 'F', 11);
insert into Student (StudentID, Fname, Lname, ChurchName, gender, grade) values (1050, 'Maddi', 'Chiang', 'Christ Church', 'F', 12);
insert into Student (StudentID, Fname, Lname, ChurchName, gender, grade) values (1051, 'Abby', 'Livermon', 'Christ Church', 'F', 6);
insert into Student (StudentID, Fname, Lname, ChurchName, gender, grade) values (1052, 'Autumn', 'Hax', 'Christ Church', 'F', 7);
insert into Student (StudentID, Fname, Lname, ChurchName, gender, grade) values (1053, 'Aiden', 'Stockman', 'Christ Church', 'M', 8);
insert into Student (StudentID, Fname, Lname, ChurchName, gender, grade) values (1054, 'Madison', 'Garrigus', 'Christ Church', 'F', 9);
insert into Student (StudentID, Fname, Lname, ChurchName, gender, grade) values (1055, 'Taylor', 'Ayers', 'Christ Church', 'F', 12);
insert into Student (StudentID, Fname, Lname, ChurchName, gender, grade) values (1056, 'Justin', 'Teclesenbet', 'Christ Church', 'M', 11);
insert into Student (StudentID, Fname, Lname, ChurchName, gender, grade) values (1057, 'Christian', 'Pogoda', 'Christ Church', 'M', 11);
insert into Student (StudentID, Fname, Lname, ChurchName, gender, grade) values (1058, 'Madi', 'Flores', 'Christ Church', 'F', 10);
insert into Student (StudentID, Fname, Lname, ChurchName, gender, grade) values (1059, 'Kirk', 'Oladokun', 'Christ Church', 'M', 11);
insert into Student (StudentID, Fname, Lname, ChurchName, gender, grade) values (1060, 'Cameron', 'Leiva', 'Christ Church', 'M', 12);
insert into Student (StudentID, Fname, Lname, ChurchName, gender, grade) values (1061, 'Jenny', 'Mung', 'Elkridge', 'F', 6);
insert into Student (StudentID, Fname, Lname, ChurchName, gender, grade) values (1062, 'Dylan ', 'Khai', 'Elkridge', 'M', 7);
insert into Student (StudentID, Fname, Lname, ChurchName, gender, grade) values (1063, 'Ethan', 'Lewis', 'Elkridge', 'M', 8);
insert into Student (StudentID, Fname, Lname, ChurchName, gender, grade) values (1064, 'Britteny', 'Pacheco', 'Elkridge', 'F', 9);
insert into Student (StudentID, Fname, Lname, ChurchName, gender, grade) values (1065, 'Lily', 'Gonzalez', 'Elkridge', 'F', 10);
insert into Student (StudentID, Fname, Lname, ChurchName, gender, grade) values (1066, 'Daysia', 'Stanley', 'FBC Beltsville', 'F', 11);
insert into Student (StudentID, Fname, Lname, ChurchName, gender, grade) values (1067, 'Kaya', 'Fikayo', 'FBC Beltsville', 'F', 12);
insert into Student (StudentID, Fname, Lname, ChurchName, gender, grade) values (1068, 'Selah', 'Khai', 'FBC Beltsville', 'F', 6);
insert into Student (StudentID, Fname, Lname, ChurchName, gender, grade) values (1069, 'Nichole', 'Taylor', 'FBC Beltsville', 'F', 7);
insert into Student (StudentID, Fname, Lname, ChurchName, gender, grade) values (1070, 'Analiese', 'Colon', 'FBC Beltsville', 'F', 8);
insert into Student (StudentID, Fname, Lname, ChurchName, gender, grade) values (1071, 'Fanwi', 'Seguin', 'FBC Beltsville', 'F', 9);
insert into Student (StudentID, Fname, Lname, ChurchName, gender, grade) values (1072, 'Shannon', 'Beckelhimer', 'FBC Beltsville', 'F', 10);
insert into Student (StudentID, Fname, Lname, ChurchName, gender, grade) values (1073, 'Kortni', 'Small', 'FBC Beltsville', 'F', 11);
insert into Student (StudentID, Fname, Lname, ChurchName, gender, grade) values (1074, 'Emmanuel', 'Lawrence', 'FBC Beltsville', 'M', 12);
insert into Student (StudentID, Fname, Lname, ChurchName, gender, grade) values (1075, 'Nick', 'Johnson', 'FBC Beltsville', 'M', 6);
insert into Student (StudentID, Fname, Lname, ChurchName, gender, grade) values (1076, 'Jake', 'Murphy', 'FBC Beltsville', 'M', 7);
insert into Student (StudentID, Fname, Lname, ChurchName, gender, grade) values (1077, 'Asia', 'Greene', 'FBC Savage', 'F', 8);
insert into Student (StudentID, Fname, Lname, ChurchName, gender, grade) values (1078, 'Ngun', 'Hoffmann', 'FBC Savage', 'F', 9);
insert into Student (StudentID, Fname, Lname, ChurchName, gender, grade) values (1079, 'Johan', 'Johnson', 'FBC Savage', 'M', 10);
insert into Student (StudentID, Fname, Lname, ChurchName, gender, grade) values (1080, 'Eddie', 'Ajimatanrareje', 'FBC Savage', 'M', 11);
insert into Student (StudentID, Fname, Lname, ChurchName, gender, grade) values (1081, 'Jesuseyi', 'Thomas', 'FBC Savage', 'F', 12);
insert into Student (StudentID, Fname, Lname, ChurchName, gender, grade) values (1082, 'Emmanuel', 'Bawi', 'FBC Savage', 'M', 6);
insert into Student (StudentID, Fname, Lname, ChurchName, gender, grade) values (1083, 'Jolani', 'Holland', 'FBC Savage', 'F', 7);
insert into Student (StudentID, Fname, Lname, ChurchName, gender, grade) values (1084, 'Timothy', 'Lorence', 'FBC Savage', 'M', 8);
insert into Student (StudentID, Fname, Lname, ChurchName, gender, grade) values (1085, 'Brianna', 'King', 'FBC Savage', 'F', 9);
insert into Student (StudentID, Fname, Lname, ChurchName, gender, grade) values (1086, 'Camryn', 'Pogoda', 'FBC Savage', 'F', 10);
insert into Student (StudentID, Fname, Lname, ChurchName, gender, grade) values (1087, 'Roy', 'Win', 'FBC Savage', 'M', 11);
insert into Student (StudentID, Fname, Lname, ChurchName, gender, grade) values (1088, 'Micaella', 'Scholz', 'FBC Savage', 'F', 12);
insert into Student (StudentID, Fname, Lname, ChurchName, gender, grade) values (1089, 'Rex', 'Woodall', 'FBC Savage', 'M', 6);
insert into Student (StudentID, Fname, Lname, ChurchName, gender, grade) values (1090, 'Isabel', 'Greene', 'FBC Savage', 'F', 7);
insert into Student (StudentID, Fname, Lname, ChurchName, gender, grade) values (1091, 'Victoria', 'Ledwell', 'FBC Savage', 'F', 8);
insert into Student (StudentID, Fname, Lname, ChurchName, gender, grade) values (1092, 'Elizabeth', 'Judd', 'FBC Woodbridge', 'F', 9);
insert into Student (StudentID, Fname, Lname, ChurchName, gender, grade) values (1093, 'Lillie', 'Santos Leon', 'FBC Woodbridge', 'F', 10);
insert into Student (StudentID, Fname, Lname, ChurchName, gender, grade) values (1094, 'Andy', 'Rubadue', 'FBC Woodbridge', 'M', 12);
insert into Student (StudentID, Fname, Lname, ChurchName, gender, grade) values (1095, 'Tyler', 'Olson', 'FBC Woodbridge', 'M', 11);
insert into Student (StudentID, Fname, Lname, ChurchName, gender, grade) values (1096, 'Stephen', 'Gale', 'FBC Woodbridge', 'M', 12);
insert into Student (StudentID, Fname, Lname, ChurchName, gender, grade) values (1097, 'Faith', 'Metzger', 'FBC Woodbridge', 'F', 6);
insert into Student (StudentID, Fname, Lname, ChurchName, gender, grade) values (1098, 'Erica', 'Beckelhimer', 'FBC Woodbridge', 'F', 7);
insert into Student (StudentID, Fname, Lname, ChurchName, gender, grade) values (1099, 'Kenneth', 'Mika', 'FBC Woodbridge', 'M', 8);
insert into Student (StudentID, Fname, Lname, ChurchName, gender, grade) values (1100, 'Michael', 'Chandler', 'FBC Woodbridge', 'M', 9);
insert into Student (StudentID, Fname, Lname, ChurchName, gender, grade) values (1101, 'Michael', 'Meyer', 'FBC Woodbridge', 'M', 10);
insert into Student (StudentID, Fname, Lname, ChurchName, gender, grade) values (1102, 'Ruth', 'Huber', 'FBC Woodbridge', 'F', 11);
insert into Student (StudentID, Fname, Lname, ChurchName, gender, grade) values (1103, 'Ella', 'Suppes', 'FBC Woodbridge', 'F', 12);
insert into Student (StudentID, Fname, Lname, ChurchName, gender, grade) values (1104, 'Lorna', 'Tiffany', 'FBC Woodbridge', 'F', 6);
insert into Student (StudentID, Fname, Lname, ChurchName, gender, grade) values (1105, 'Grace', 'Smith', 'FBC Woodbridge', 'F', 11);
insert into Student (StudentID, Fname, Lname, ChurchName, gender, grade) values (1106, 'Kelsea', 'Huber', 'FBC Woodbridge', 'F', 7);
insert into Student (StudentID, Fname, Lname, ChurchName, gender, grade) values (1107, 'Danielle', 'Bonnet', 'FBC Woodbridge', 'F', 8);
insert into Student (StudentID, Fname, Lname, ChurchName, gender, grade) values (1108, 'Taryn', 'Banks', 'FBC Woodbridge', 'F', 9);
insert into Student (StudentID, Fname, Lname, ChurchName, gender, grade) values (1109, 'Taylor', 'Baderman', 'FBC Woodbridge', 'F', 10);
insert into Student (StudentID, Fname, Lname, ChurchName, gender, grade) values (1110, 'Erin', 'Anyanwu', 'FBC Woodbridge', 'F', 11);
insert into Student (StudentID, Fname, Lname, ChurchName, gender, grade) values (1111, 'Syndey', 'Hoffmann', 'FBC Woodbridge', 'F', 12);
insert into Student (StudentID, Fname, Lname, ChurchName, gender, grade) values (1112, 'Isabella ', 'Antaya', 'FBC Woodbridge', 'F', 6);
insert into Student (StudentID, Fname, Lname, ChurchName, gender, grade) values (1113, 'Keagan', 'Graybill', 'FBC Woodbridge', 'F', 7);
insert into Student (StudentID, Fname, Lname, ChurchName, gender, grade) values (1114, 'Hope', 'Sand', 'FBC Woodbridge', 'F', 12);
insert into Student (StudentID, Fname, Lname, ChurchName, gender, grade) values (1115, 'Tracie', 'Smith', 'FBC Woodbridge', 'F', 11);
insert into Student (StudentID, Fname, Lname, ChurchName, gender, grade) values (1116, 'Trisha', 'Dixon', 'FBC Woodbridge', 'F', 11);
insert into Student (StudentID, Fname, Lname, ChurchName, gender, grade) values (1117, 'Hope', 'Chorei', 'FBC Woodbridge', 'F', 12);
insert into Student (StudentID, Fname, Lname, ChurchName, gender, grade) values (1118, 'Sierra', 'James', 'FBC Woodbridge', 'F', 12);
insert into Student (StudentID, Fname, Lname, ChurchName, gender, grade) values (1119, 'Hannah', 'Gale', 'FBC Woodbridge', 'F', 11);
insert into Student (StudentID, Fname, Lname, ChurchName, gender, grade) values (1120, 'Brandon', 'Harjes', 'FBC Woodbridge', 'M', 8);
insert into Student (StudentID, Fname, Lname, ChurchName, gender, grade) values (1121, 'Thomas', 'Baffour-Awuah', 'FBC Woodbridge', 'M', 9);
insert into Student (StudentID, Fname, Lname, ChurchName, gender, grade) values (1122, 'Robbie', 'Barr', 'FBC Woodbridge', 'M', 10);
insert into Student (StudentID, Fname, Lname, ChurchName, gender, grade) values (1123, 'Chandler', 'Khai', 'FBC Woodbridge', 'M', 11);
insert into Student (StudentID, Fname, Lname, ChurchName, gender, grade) values (1124, 'Nathan', 'Anastacio', 'FBC Woodbridge', 'M', 12);
insert into Student (StudentID, Fname, Lname, ChurchName, gender, grade) values (1125, 'Gabe', 'Poteet', 'FBC Woodbridge', 'M', 6);
insert into Student (StudentID, Fname, Lname, ChurchName, gender, grade) values (1126, 'Austin', 'Wewerka', 'FBC Woodbridge', 'M', 7);
insert into Student (StudentID, Fname, Lname, ChurchName, gender, grade) values (1127, 'Seth', 'Myers', 'FBC Woodbridge', 'M', 8);
insert into Student (StudentID, Fname, Lname, ChurchName, gender, grade) values (1128, 'Olivia', 'Disbrow', 'FBC Woodbridge', 'F', 9);
insert into Student (StudentID, Fname, Lname, ChurchName, gender, grade) values (1129, 'Bekah', 'Shouse', 'FBC Woodbridge', 'F', 10);
insert into Student (StudentID, Fname, Lname, ChurchName, gender, grade) values (1130, 'Maddie', 'Grinder', 'FBC Woodbridge', 'F', 12);
insert into Student (StudentID, Fname, Lname, ChurchName, gender, grade) values (1131, 'Ben', 'Santos', 'FBC Woodbridge', 'M', 11);
insert into Student (StudentID, Fname, Lname, ChurchName, gender, grade) values (1132, 'Brian', 'Sinclair', 'FBC Woodbridge', 'M', 12);
insert into Student (StudentID, Fname, Lname, ChurchName, gender, grade) values (1133, 'Jalen', 'Thompson', 'FBC Woodbridge', 'M', 6);
insert into Student (StudentID, Fname, Lname, ChurchName, gender, grade) values (1134, 'Luke', 'Mowry', 'FBC Woodbridge', 'M', 7);
insert into Student (StudentID, Fname, Lname, ChurchName, gender, grade) values (1135, 'Elizabeth', 'Pillar', 'FBC Woodbridge', 'F', 8);
insert into Student (StudentID, Fname, Lname, ChurchName, gender, grade) values (1136, 'Samantha', 'Torres', 'FBC Woodbridge', 'F', 9);
insert into Student (StudentID, Fname, Lname, ChurchName, gender, grade) values (1137, 'Olivia', 'Campbell', 'FBC Woodbridge', 'F', 10);
insert into Student (StudentID, Fname, Lname, ChurchName, gender, grade) values (1138, 'Kyle', 'Eam', 'Galilee', 'M', 11);
insert into Student (StudentID, Fname, Lname, ChurchName, gender, grade) values (1139, 'Lillian', 'Cajayon', 'Galilee', 'F', 12);
insert into Student (StudentID, Fname, Lname, ChurchName, gender, grade) values (1140, 'Maddie', 'Kraynak', 'Galilee', 'F', 6);
insert into Student (StudentID, Fname, Lname, ChurchName, gender, grade) values (1141, 'Abby', 'Kolawole', 'Galilee', 'F', 7);
insert into Student (StudentID, Fname, Lname, ChurchName, gender, grade) values (1142, 'Becca', 'Santos Leon', 'Galilee', 'F', 8);
insert into Student (StudentID, Fname, Lname, ChurchName, gender, grade) values (1143, 'Noah', 'Olson', 'Galilee', 'M', 9);
insert into Student (StudentID, Fname, Lname, ChurchName, gender, grade) values (1144, 'Ryan', 'Smith', 'Galilee', 'M', 10);
insert into Student (StudentID, Fname, Lname, ChurchName, gender, grade) values (1145, 'Drew', 'Shamp', 'Galilee', 'M', 11);
insert into Student (StudentID, Fname, Lname, ChurchName, gender, grade) values (1146, 'Alex', 'Hessabian', 'Galilee', 'M', 12);
insert into Student (StudentID, Fname, Lname, ChurchName, gender, grade) values (1147, 'Winston', 'Peace', 'Galilee', 'M', 6);
insert into Student (StudentID, Fname, Lname, ChurchName, gender, grade) values (1148, 'Tommy', 'Jennings', 'Galilee', 'M', 7);
insert into Student (StudentID, Fname, Lname, ChurchName, gender, grade) values (1149, 'Jared', 'Ellsmore', 'Galilee', 'M', 8);
insert into Student (StudentID, Fname, Lname, ChurchName, gender, grade) values (1150, 'Beatrice', 'Mederos', 'Galilee', 'F', 9);
insert into Student (StudentID, Fname, Lname, ChurchName, gender, grade) values (1151, 'Jordan', 'Aragon', 'Galilee', 'F', 10);
insert into Student (StudentID, Fname, Lname, ChurchName, gender, grade) values (1152, 'Megan', 'Zangla', 'Galilee', 'F', 11);
insert into Student (StudentID, Fname, Lname, ChurchName, gender, grade) values (1153, 'Melanie', 'Ardonuy', 'Galilee', 'F', 12);
insert into Student (StudentID, Fname, Lname, ChurchName, gender, grade) values (1154, 'Thomas', 'Hax', 'Hope Baptist', 'M', 6);
insert into Student (StudentID, Fname, Lname, ChurchName, gender, grade) values (1155, 'Mary', 'Demmah', 'Hope Baptist', 'F', 7);
insert into Student (StudentID, Fname, Lname, ChurchName, gender, grade) values (1156, 'Grace', 'Alt', 'Hope Baptist', 'F', 8);
insert into Student (StudentID, Fname, Lname, ChurchName, gender, grade) values (1157, 'Olivia', 'Bush', 'Hope Baptist', 'F', 9);
insert into Student (StudentID, Fname, Lname, ChurchName, gender, grade) values (1158, 'Maylyn', 'Wyble', 'Hope Baptist', 'F', 10);
insert into Student (StudentID, Fname, Lname, ChurchName, gender, grade) values (1159, 'John', 'Smusyn-Rote', 'Hope Baptist', 'M', 11);
insert into Student (StudentID, Fname, Lname, ChurchName, gender, grade) values (1160, 'Khup', 'Aragon', 'Hope Baptist', 'M', 12);
insert into Student (StudentID, Fname, Lname, ChurchName, gender, grade) values (1161, 'Thang', 'Judd', 'Hope Baptist', 'M', 6);
insert into Student (StudentID, Fname, Lname, ChurchName, gender, grade) values (1162, 'Thang', 'Lytle', 'Hope Baptist', 'M', 7);
insert into Student (StudentID, Fname, Lname, ChurchName, gender, grade) values (1163, 'Sage', 'Quinn', 'Hope Baptist', 'M', 8);
insert into Student (StudentID, Fname, Lname, ChurchName, gender, grade) values (1164, 'Maddie', 'Fasheun', 'Hope Baptist', 'F', 9);
insert into Student (StudentID, Fname, Lname, ChurchName, gender, grade) values (1165, 'Nik', 'Haries', 'Hope Baptist', 'M', 10);
insert into Student (StudentID, Fname, Lname, ChurchName, gender, grade) values (1166, 'Lian', 'Woodall', 'Hope Baptist', 'M', 11);
insert into Student (StudentID, Fname, Lname, ChurchName, gender, grade) values (1167, 'Dim', 'Sutton', 'Hope Baptist', 'F', 12);
insert into Student (StudentID, Fname, Lname, ChurchName, gender, grade) values (1168, 'Mikayla', 'Lewandowski', 'Hope Baptist', 'F', 6);
insert into Student (StudentID, Fname, Lname, ChurchName, gender, grade) values (1169, 'Fahari', 'Currier', 'Hope Baptist', 'M', 7);
insert into Student (StudentID, Fname, Lname, ChurchName, gender, grade) values (1170, 'Andrew', 'Lust', 'Hope Baptist', 'M', 8);
insert into Student (StudentID, Fname, Lname, ChurchName, gender, grade) values (1171, 'Vung', 'Khual', 'Hope Baptist', 'F', 9);
insert into Student (StudentID, Fname, Lname, ChurchName, gender, grade) values (1172, 'Ngiak', 'Wilson', 'Hope Baptist', 'F', 10);
insert into Student (StudentID, Fname, Lname, ChurchName, gender, grade) values (1173, 'Masaba', 'Hax', 'Hope Baptist', 'M', 11);
insert into Student (StudentID, Fname, Lname, ChurchName, gender, grade) values (1174, 'McKenzie', 'Baker', 'Hope Baptist', 'F', 12);
insert into Student (StudentID, Fname, Lname, ChurchName, gender, grade) values (1175, 'Zam', 'Wilson', 'Hope Baptist', 'F', 6);
insert into Student (StudentID, Fname, Lname, ChurchName, gender, grade) values (1176, 'Ngin', 'Opie', 'Hope Baptist', 'M', 7);
insert into Student (StudentID, Fname, Lname, ChurchName, gender, grade) values (1177, 'Mang', 'Evans', 'Hope Baptist', 'M', 8);
insert into Student (StudentID, Fname, Lname, ChurchName, gender, grade) values (1178, 'Zach', 'Oladokun', 'Hope Baptist', 'M', 9);
insert into Student (StudentID, Fname, Lname, ChurchName, gender, grade) values (1179, 'Nang', 'Peeler', 'Hope Baptist', 'M', 10);
insert into Student (StudentID, Fname, Lname, ChurchName, gender, grade) values (1180, 'Khai', 'Par', 'Hope Baptist', 'M', 11);
insert into Student (StudentID, Fname, Lname, ChurchName, gender, grade) values (1181, 'Micah', 'Svitak', 'Hope Baptist', 'M', 12);
insert into Student (StudentID, Fname, Lname, ChurchName, gender, grade) values (1182, 'Zach', 'Lay', 'Hope Baptist', 'M', 6);
insert into Student (StudentID, Fname, Lname, ChurchName, gender, grade) values (1183, 'Kaleb', 'Camper', 'Hope Baptist', 'M', 7);
insert into Student (StudentID, Fname, Lname, ChurchName, gender, grade) values (1184, 'Ana', 'Whitmore', 'Hope Baptist', 'F', 8);
insert into Student (StudentID, Fname, Lname, ChurchName, gender, grade) values (1185, 'Adeojo', 'Henderson', 'Hope Baptist', 'F', 9);
insert into Student (StudentID, Fname, Lname, ChurchName, gender, grade) values (1186, 'Susan', 'Philpott', 'Hope Baptist', 'F', 10);
insert into Student (StudentID, Fname, Lname, ChurchName, gender, grade) values (1187, 'Enuice', 'Briskman', 'Hope Baptist', 'F', 11);
insert into Student (StudentID, Fname, Lname, ChurchName, gender, grade) values (1188, 'Bunkay', 'Chaitovitz', 'Hope Baptist', 'F', 12);
insert into Student (StudentID, Fname, Lname, ChurchName, gender, grade) values (1189, 'Carlos', 'Klopfenstein', 'Hope Baptist', 'M', 6);
insert into Student (StudentID, Fname, Lname, ChurchName, gender, grade) values (1190, 'Liana', 'Green', 'Hope Baptist', 'F', 7);
insert into Student (StudentID, Fname, Lname, ChurchName, gender, grade) values (1191, 'Anthony', 'Olaboude', 'Hope Baptist', 'M', 8);
insert into Student (StudentID, Fname, Lname, ChurchName, gender, grade) values (1192, 'Ayanfe', 'Pederson', 'Hope Baptist', 'M', 9);
insert into Student (StudentID, Fname, Lname, ChurchName, gender, grade) values (1193, 'Peyton', 'Olewa', 'Hope Baptist', 'F', 11);
insert into Student (StudentID, Fname, Lname, ChurchName, gender, grade) values (1194, 'Gerald', 'Murphy', 'Hope Baptist', 'M', 10);
insert into Student (StudentID, Fname, Lname, ChurchName, gender, grade) values (1195, 'Charlie', 'Mitchell', 'Oak Grove Baptist', 'M', 11);
insert into Student (StudentID, Fname, Lname, ChurchName, gender, grade) values (1196, 'Bethany', 'Ardouny', 'Oak Grove Baptist', 'F', 12);
insert into Student (StudentID, Fname, Lname, ChurchName, gender, grade) values (1197, 'Andrew', 'Taylor', 'Oak Grove Baptist', 'M', 6);
insert into Student (StudentID, Fname, Lname, ChurchName, gender, grade) values (1198, 'Abigail', 'Bowen', 'Oak Grove Baptist', 'F', 7);
insert into Student (StudentID, Fname, Lname, ChurchName, gender, grade) values (1199, 'Jenna', 'Megan', 'Oak Grove Baptist', 'F', 8);
insert into Student (StudentID, Fname, Lname, ChurchName, gender, grade) values (1200, 'Connor', 'Bricker', 'Oak Grove Baptist', 'M', 9);
insert into Student (StudentID, Fname, Lname, ChurchName, gender, grade) values (1201, 'Jade', 'Baker', 'Oak Grove Baptist', 'F', 10);
insert into Student (StudentID, Fname, Lname, ChurchName, gender, grade) values (1202, 'Alan', 'Peeler', 'Oak Grove Baptist', 'M', 11);
insert into Student (StudentID, Fname, Lname, ChurchName, gender, grade) values (1203, 'Ethan', '', 'Oak Grove Baptist', 'M', 12);
insert into Student (StudentID, Fname, Lname, ChurchName, gender, grade) values (1204, 'Lindsey', 'Myers', 'Oak Grove Baptist', 'F', 6);
insert into Student (StudentID, Fname, Lname, ChurchName, gender, grade) values (1205, 'Maria', 'McKeown', 'Oak Grove Baptist', 'F', 7);
insert into Student (StudentID, Fname, Lname, ChurchName, gender, grade) values (1206, 'Ashley', 'Haselberger', 'Oak Grove Baptist', 'F', 8);
insert into Student (StudentID, Fname, Lname, ChurchName, gender, grade) values (1207, 'Evan ', 'Judd', 'Oak Grove Baptist', 'M', 9);
insert into Student (StudentID, Fname, Lname, ChurchName, gender, grade) values (1208, 'David', 'Baker', 'Oak Grove Baptist', 'M', 10);
insert into Student (StudentID, Fname, Lname, ChurchName, gender, grade) values (1209, 'Molly', 'Mang', 'Oak Grove Baptist', 'F', 11);
insert into Student (StudentID, Fname, Lname, ChurchName, gender, grade) values (1210, 'Alyssa', 'Serio', 'Oak Grove Baptist', 'F', 12);
insert into Student (StudentID, Fname, Lname, ChurchName, gender, grade) values (1211, 'Lindsay', 'Nelson', 'Oak Grove Baptist', 'F', 6);
insert into Student (StudentID, Fname, Lname, ChurchName, gender, grade) values (1212, 'Natalie', 'Steele', 'Oak Grove Baptist', 'F', 7);
insert into Student (StudentID, Fname, Lname, ChurchName, gender, grade) values (1213, 'Kaitlyn', 'Okada', 'Oak Grove Baptist', 'F', 8);
insert into Student (StudentID, Fname, Lname, ChurchName, gender, grade) values (1214, 'Benjamin', 'Brigham', 'Oak Grove Baptist', 'M', 11);
insert into Student (StudentID, Fname, Lname, ChurchName, gender, grade) values (1215, 'Thang', 'Quinn', 'Oak Grove Baptist', 'M', 9);
insert into Student (StudentID, Fname, Lname, ChurchName, gender, grade) values (1216, 'Evangelyn', 'Olewa', 'Oak Grove Baptist', 'F', 10);
insert into Student (StudentID, Fname, Lname, ChurchName, gender, grade) values (1217, 'Sarah May', 'Ojie', 'Oasis', 'F', 11);
insert into Student (StudentID, Fname, Lname, ChurchName, gender, grade) values (1218, 'Maia', 'Wooton', 'Oasis', 'F', 12);
insert into Student (StudentID, Fname, Lname, ChurchName, gender, grade) values (1219, 'Chloe', 'Vung', 'Oasis', 'F', 6);
insert into Student (StudentID, Fname, Lname, ChurchName, gender, grade) values (1220, 'Caroline', 'Basar', 'Oasis', 'F', 7);
insert into Student (StudentID, Fname, Lname, ChurchName, gender, grade) values (1221, 'Lily', 'Osheilds', 'Oasis', 'F', 8);
insert into Student (StudentID, Fname, Lname, ChurchName, gender, grade) values (1222, 'Maci ', 'Ledbetter', 'Oasis', 'F', 9);
insert into Student (StudentID, Fname, Lname, ChurchName, gender, grade) values (1223, 'Becca', 'Hammond', 'Oasis', 'F', 10);
insert into Student (StudentID, Fname, Lname, ChurchName, gender, grade) values (1224, 'Ayla', 'Wooton', 'Oasis', 'F', 11);
insert into Student (StudentID, Fname, Lname, ChurchName, gender, grade) values (1225, 'Analisa', 'Davis', 'Oasis', 'F', 12);
insert into Student (StudentID, Fname, Lname, ChurchName, gender, grade) values (1226, 'Ashton', 'Lopez', 'Oasis', 'M', 6);
insert into Student (StudentID, Fname, Lname, ChurchName, gender, grade) values (1227, 'Tristen', 'Azato', 'Oasis', 'M', 7);
insert into Student (StudentID, Fname, Lname, ChurchName, gender, grade) values (1228, 'Evangelyn', 'Clarke', 'Oasis', 'F', 8);
insert into Student (StudentID, Fname, Lname, ChurchName, gender, grade) values (1229, 'Parker', 'Cajayon', 'Oasis', 'M', 9);
insert into Student (StudentID, Fname, Lname, ChurchName, gender, grade) values (1230, 'Meredith', 'Fetter', 'Redeeming Grace', 'F', 10);
insert into Student (StudentID, Fname, Lname, ChurchName, gender, grade) values (1231, 'Lydia', 'Radcliffe', 'Redeeming Grace', 'F', 11);
insert into Student (StudentID, Fname, Lname, ChurchName, gender, grade) values (1232, 'P.J.', 'Thomas', 'Redeeming Grace', 'M', 12);
insert into Student (StudentID, Fname, Lname, ChurchName, gender, grade) values (1233, 'Gavin', 'Carroll', 'Redeeming Grace', 'M', 6);
insert into Student (StudentID, Fname, Lname, ChurchName, gender, grade) values (1234, 'Josiah', 'Branch', 'Redeeming Grace', 'M', 7);
insert into Student (StudentID, Fname, Lname, ChurchName, gender, grade) values (1235, 'Cathryn', 'Evans', 'Redeeming Grace', 'F', 8);
insert into Student (StudentID, Fname, Lname, ChurchName, gender, grade) values (1236, 'Caleb', 'Mackenzie', 'Redeeming Grace', 'M', 9);
insert into Student (StudentID, Fname, Lname, ChurchName, gender, grade) values (1237, 'Leah', 'Baderman', 'Redeeming Grace', 'F', 10);
insert into Student (StudentID, Fname, Lname, ChurchName, gender, grade) values (1238, 'Sophie', 'Rogers', 'Redeeming Grace', 'F', 11);
insert into Student (StudentID, Fname, Lname, ChurchName, gender, grade) values (1239, 'Liana', 'Laing', 'Redeeming Grace', 'F', 12);
insert into Student (StudentID, Fname, Lname, ChurchName, gender, grade) values (1240, 'Amelia', 'Azato', 'Redeeming Grace', 'F', 6);
insert into Student (StudentID, Fname, Lname, ChurchName, gender, grade) values (1241, 'Caleb', 'Tuang', 'Redeeming Grace', 'M', 7);
insert into Student (StudentID, Fname, Lname, ChurchName, gender, grade) values (1242, 'Jasmine', 'Antaya', 'Redeeming Grace', 'F', 8);
insert into Student (StudentID, Fname, Lname, ChurchName, gender, grade) values (1243, 'Joy', 'Judd', 'Redeeming Grace', 'F', 9);
insert into Student (StudentID, Fname, Lname, ChurchName, gender, grade) values (1244, 'Samuel', 'Aragon', 'Redeeming Grace', 'M', 10);
insert into Student (StudentID, Fname, Lname, ChurchName, gender, grade) values (1245, 'Joshua', 'Chiang', 'Redeeming Grace', 'M', 11);
insert into Student (StudentID, Fname, Lname, ChurchName, gender, grade) values (1246, 'Nathan', 'Pavlick', 'Redeeming Grace', 'M', 12);
insert into Student (StudentID, Fname, Lname, ChurchName, gender, grade) values (1247, 'Joseph', 'Garrigus', 'Redeeming Grace', 'M', 6);
insert into Student (StudentID, Fname, Lname, ChurchName, gender, grade) values (1248, 'Stephen', 'Davis', 'Redeeming Grace', 'M', 7);
insert into Student (StudentID, Fname, Lname, ChurchName, gender, grade) values (1249, 'Josiah', 'Groff', 'Redeeming Grace', 'M', 8);
insert into Student (StudentID, Fname, Lname, ChurchName, gender, grade) values (1250, 'Lydia', 'Charbonneau', 'Redeeming Grace', 'F', 9);
insert into Student (StudentID, Fname, Lname, ChurchName, gender, grade) values (1251, 'Joseph', 'Azagba', 'Redeeming Grace', 'M', 10);
insert into Student (StudentID, Fname, Lname, ChurchName, gender, grade) values (1252, 'Caleb', 'Sutton', 'Trinity Baptist', 'M', 11);
insert into Student (StudentID, Fname, Lname, ChurchName, gender, grade) values (1253, 'Annie', 'Oyejeuni', 'Trinity Baptist', 'F', 12);
insert into Student (StudentID, Fname, Lname, ChurchName, gender, grade) values (1254, 'Niyema', 'Smith', 'Trinity Baptist', 'F', 6);
insert into Student (StudentID, Fname, Lname, ChurchName, gender, grade) values (1255, 'Alexa', 'Myers', 'Trinity Baptist', 'F', 7);
insert into Student (StudentID, Fname, Lname, ChurchName, gender, grade) values (1256, 'Alyssa', 'Henderson', 'Trinity Baptist', 'F', 8);
insert into Student (StudentID, Fname, Lname, ChurchName, gender, grade) values (1257, 'Jordan', 'Venable', 'Trinity Baptist', 'M', 9);
insert into Student (StudentID, Fname, Lname, ChurchName, gender, grade) values (1258, 'Jasmine', 'Schaaf', 'Trinity Baptist', 'F', 10);
insert into Student (StudentID, Fname, Lname, ChurchName, gender, grade) values (1259, 'Lillian', 'Sutton', 'Trinity Baptist', 'F', 11);
insert into Student (StudentID, Fname, Lname, ChurchName, gender, grade) values (1260, 'Samya', 'Merrit', 'Trinity Baptist', 'F', 12);
insert into Student (StudentID, Fname, Lname, ChurchName, gender, grade) values (1261, 'Jeremiah', 'Sturgis', 'Trinity Baptist', 'M', 6);
insert into Student (StudentID, Fname, Lname, ChurchName, gender, grade) values (1262, 'Josh', 'Maxfield', 'Trinity Baptist', 'M', 7);
--
/*populate circuit table*/
insert into Circuit (circuitID, circuitName, minSize, maxSize) values(1, 'A Servants Heart', 0, 15);
insert into Circuit (circuitID, circuitName, minSize, maxSize) values(2, 'All Aboard! (Board Games)', 0, 15);
insert into Circuit (circuitID, circuitName, minSize, maxSize) values(3, 'Apologetics', 0, 15);
insert into Circuit (circuitID, circuitName, minSize, maxSize) values(4, 'Creative Canvas', 0, 15);
insert into Circuit (circuitID, circuitName, minSize, maxSize) values(5, 'Creative Writing', 0, 15);
insert into Circuit (circuitID, circuitName, minSize, maxSize) values(6, 'Dance (Leap of Faith)', 0, 15);
insert into Circuit (circuitID, circuitName, minSize, maxSize) values(7, 'Drama', 0, 15);
insert into Circuit (circuitID, circuitName, minSize, maxSize) values(8, 'Flag Football', 0, 15);
insert into Circuit (circuitID, circuitName, minSize, maxSize) values(9, 'Girl Talk', 10, 15);
insert into Circuit (circuitID, circuitName, minSize, maxSize) values(10, 'Gospel Messengers', 0, 15);
insert into Circuit (circuitID, circuitName, minSize, maxSize) values(11, 'Intimacy with God', 0, 15);
insert into Circuit (circuitID, circuitName, minSize, maxSize) values(12, 'Lets Kick It (Soccer)', 0, 15);
insert into Circuit (circuitID, circuitName, minSize, maxSize) values(13, 'Man Up', 10, 15);
insert into Circuit (circuitID, circuitName, minSize, maxSize) values(14, 'Outdoor Games', 0, 20);
insert into Circuit (circuitID, circuitName, minSize, maxSize) values(15, 'Paintball', 0, 10);
insert into Circuit (circuitID, circuitName, minSize, maxSize) values(16, 'Superheroes of Faith', 0, 15);
insert into Circuit (circuitID, circuitName, minSize, maxSize) values(17, 'The Bible and the Brain', 0, 15);
insert into Circuit (circuitID, circuitName, minSize, maxSize) values(18, 'To Infinity and Beyond', 10, 15);
insert into Circuit (circuitID, circuitName, minSize, maxSize) values(19, 'Turn It Up ', 0, 15);
insert into Circuit (circuitID, circuitName, minSize, maxSize) values(20, 'Ultimate Frisbee', 0, 15);

--
/*populate genderreq table*/
insert into GenderReq(circuitID, gender) values (9, 'F');
insert into GenderReq(circuitID, gender) values (13, 'M');
--
/*populate gradereq table*/
insert into GradeReq(circuitID, Grade) values (18, 11);
--
/*populate assignment table*/
insert into Assignment (studentID, CircuitID, circuitGrp) value (1001, 2, 'Circuit A');
insert into Assignment (studentID, CircuitID, circuitGrp) value (1002, 9, 'Circuit A');
insert into Assignment (studentID, CircuitID, circuitGrp) value (1003, 10, 'Circuit A');
insert into Assignment (studentID, CircuitID, circuitGrp) value (1004, 3, 'Circuit A');
insert into Assignment (studentID, CircuitID, circuitGrp) value (1005, 17, 'Circuit A');
insert into Assignment (studentID, CircuitID, circuitGrp) value (1001, 1, 'Circuit B');
insert into Assignment (studentID, CircuitID, circuitGrp) value (1002, 4, 'Circuit B');
insert into Assignment (studentID, CircuitID, circuitGrp) value (1003, 5, 'Circuit B');
insert into Assignment (studentID, CircuitID, circuitGrp) value (1004, 17, 'Circuit B');
insert into Assignment (studentID, CircuitID, circuitGrp) value (1005, 9, 'Circuit B');
insert into Assignment (studentID, CircuitID, circuitGrp) value (1001, 17, 'Circuit C');
insert into Assignment (studentID, CircuitID, circuitGrp) value (1002, 1, 'Circuit C');
insert into Assignment (studentID, CircuitID, circuitGrp) value (1003, 9, 'Circuit C');
insert into Assignment (studentID, CircuitID, circuitGrp) value (1004, 13, 'Circuit C');
insert into Assignment (studentID, CircuitID, circuitGrp) value (1005, 7, 'Circuit C');
--
/*populate preference table*/
insert into Preference(studentID, circuitID, circuitGrp, prefNum) value (1001, 2, 'Circuit A', 1);
insert into Preference(studentID, circuitID, circuitGrp, prefNum) value (1002, 9, 'Circuit A', 1);
insert into Preference(studentID, circuitID, circuitGrp, prefNum) value (1003, 9, 'Circuit A', 1);
insert into Preference(studentID, circuitID, circuitGrp, prefNum) value (1004, 15, 'Circuit A', 1);
insert into Preference(studentID, circuitID, circuitGrp, prefNum) value (1005, 2, 'Circuit A', 1);
insert into Preference(studentID, circuitID, circuitGrp, prefNum) value (1001, 20, 'Circuit A', 2);
insert into Preference(studentID, circuitID, circuitGrp, prefNum) value (1002, 2, 'Circuit A', 2);
insert into Preference(studentID, circuitID, circuitGrp, prefNum) value (1003, 10, 'Circuit A', 2);
insert into Preference(studentID, circuitID, circuitGrp, prefNum) value (1004, 13, 'Circuit A', 2);
insert into Preference(studentID, circuitID, circuitGrp, prefNum) value (1005, 17, 'Circuit A', 2);
insert into Preference(studentID, circuitID, circuitGrp, prefNum) value (1001, 15, 'Circuit A', 3);
insert into Preference(studentID, circuitID, circuitGrp, prefNum) value (1002, 7, 'Circuit A', 3);
insert into Preference(studentID, circuitID, circuitGrp, prefNum) value (1003, 5, 'Circuit A', 3);
insert into Preference(studentID, circuitID, circuitGrp, prefNum) value (1004, 2, 'Circuit A', 3);
insert into Preference(studentID, circuitID, circuitGrp, prefNum) value (1005, 20, 'Circuit A', 3);
insert into Preference(studentID, circuitID, circuitGrp, prefNum) value (1001, 14, 'Circuit A', 4);
insert into Preference(studentID, circuitID, circuitGrp, prefNum) value (1002, 5, 'Circuit A', 4);
insert into Preference(studentID, circuitID, circuitGrp, prefNum) value (1003, 17, 'Circuit A', 4);
insert into Preference(studentID, circuitID, circuitGrp, prefNum) value (1004, 20, 'Circuit A', 4);
insert into Preference(studentID, circuitID, circuitGrp, prefNum) value (1005, 9, 'Circuit A', 4);
insert into Preference(studentID, circuitID, circuitGrp, prefNum) value (1001, 8, 'Circuit B', 1);
insert into Preference(studentID, circuitID, circuitGrp, prefNum) value (1002, 4, 'Circuit B', 1);
insert into Preference(studentID, circuitID, circuitGrp, prefNum) value (1003, 5, 'Circuit B', 1);
insert into Preference(studentID, circuitID, circuitGrp, prefNum) value (1004, 20, 'Circuit B', 1);
insert into Preference(studentID, circuitID, circuitGrp, prefNum) value (1005, 9, 'Circuit B', 1);
insert into Preference(studentID, circuitID, circuitGrp, prefNum) value (1001, 14, 'Circuit B', 2);
insert into Preference(studentID, circuitID, circuitGrp, prefNum) value (1002, 6, 'Circuit B', 2);
insert into Preference(studentID, circuitID, circuitGrp, prefNum) value (1003, 9, 'Circuit B', 2);
insert into Preference(studentID, circuitID, circuitGrp, prefNum) value (1004, 14, 'Circuit B', 2);
insert into Preference(studentID, circuitID, circuitGrp, prefNum) value (1005, 5, 'Circuit B', 2);
insert into Preference(studentID, circuitID, circuitGrp, prefNum) value (1001, 1, 'Circuit B', 3);
insert into Preference(studentID, circuitID, circuitGrp, prefNum) value (1002, 19, 'Circuit B', 3);
insert into Preference(studentID, circuitID, circuitGrp, prefNum) value (1003, 17, 'Circuit B', 3);
insert into Preference(studentID, circuitID, circuitGrp, prefNum) value (1004, 17, 'Circuit B', 3);
insert into Preference(studentID, circuitID, circuitGrp, prefNum) value (1005, 4, 'Circuit B', 3);
insert into Preference(studentID, circuitID, circuitGrp, prefNum) value (1001, 20, 'Circuit B', 4);
insert into Preference(studentID, circuitID, circuitGrp, prefNum) value (1002, 9, 'Circuit B', 4);
insert into Preference(studentID, circuitID, circuitGrp, prefNum) value (1003, 3, 'Circuit B', 4);
insert into Preference(studentID, circuitID, circuitGrp, prefNum) value (1004, 20, 'Circuit B', 4);
insert into Preference(studentID, circuitID, circuitGrp, prefNum) value (1005, 19, 'Circuit B', 4);
insert into Preference(studentID, circuitID, circuitGrp, prefNum) value (1001, 15, 'Circuit C', 1);
insert into Preference(studentID, circuitID, circuitGrp, prefNum) value (1002, 7, 'Circuit C', 1);
insert into Preference(studentID, circuitID, circuitGrp, prefNum) value (1003, 9, 'Circuit C', 1);
insert into Preference(studentID, circuitID, circuitGrp, prefNum) value (1004, 13, 'Circuit C', 1);
insert into Preference(studentID, circuitID, circuitGrp, prefNum) value (1005, 7, 'Circuit C', 1);
insert into Preference(studentID, circuitID, circuitGrp, prefNum) value (1001, 14, 'Circuit C', 2);
insert into Preference(studentID, circuitID, circuitGrp, prefNum) value (1002, 4, 'Circuit C', 2);
insert into Preference(studentID, circuitID, circuitGrp, prefNum) value (1003, 11, 'Circuit C', 2);
insert into Preference(studentID, circuitID, circuitGrp, prefNum) value (1004, 15, 'Circuit C', 2);
insert into Preference(studentID, circuitID, circuitGrp, prefNum) value (1005, 10, 'Circuit C', 2);
insert into Preference(studentID, circuitID, circuitGrp, prefNum) value (1001, 8, 'Circuit C', 3);
insert into Preference(studentID, circuitID, circuitGrp, prefNum) value (1002, 9, 'Circuit C', 3);
insert into Preference(studentID, circuitID, circuitGrp, prefNum) value (1003, 10, 'Circuit C', 3);
insert into Preference(studentID, circuitID, circuitGrp, prefNum) value (1004, 14, 'Circuit C', 3);
insert into Preference(studentID, circuitID, circuitGrp, prefNum) value (1005, 15, 'Circuit C', 3);
insert into Preference(studentID, circuitID, circuitGrp, prefNum) value (1001, 1, 'Circuit C', 4);
insert into Preference(studentID, circuitID, circuitGrp, prefNum) value (1002, 1, 'Circuit C', 4);
insert into Preference(studentID, circuitID, circuitGrp, prefNum) value (1003, 1, 'Circuit C', 4);
insert into Preference(studentID, circuitID, circuitGrp, prefNum) value (1004, 1, 'Circuit C', 4);
insert into Preference(studentID, circuitID, circuitGrp, prefNum) value (1005, 1, 'Circuit C', 4);
